F70100009,한투삼성그룹성장테마1호(A)
F70100010,한투삼성그룹성장테마1호(A-e)
F70100011,한투삼성그룹성장테마2호(A)
F70100012,한투삼성그룹성장테마2호(A-e)
F70100013,한투삼성그룹&글로벌성장1(A)
F70100014,한투삼성그룹&글로벌성장1(A1)
F70100015,한투삼성그룹&글로벌성장1(A1-e)
F70100016,한투삼성그룹&글로벌성장2(A)
F70100017,한투삼성그룹&글로벌성장2(A1)
F70100018,한투삼성그룹&글로벌성장2(A1-e)
F70100019,한투삼성그룹&글로벌성장3(A)
F70100020,한투삼성그룹&글로벌성장3(A1)
F70100021,한투삼성그룹&글로벌성장3(A1-e)
F70100022,한투미국경제주도1(A)
F70100023,한투미국경제주도1(A-e)
F70100024,한투미국경제주도2(A)
F70100025,한투미국경제주도2(A-e)
F70101B95,밀라노부동산
F70101B96,벨기에코어오피스2호
F70101B9A,한국투자뉴욕오피스1호
F70101BB1,한국투자서울오피스
F70102B96,룩셈부르크코어오피스(파생형)(A)
F70103B96,룩셈부르크코어오피스(파생형)(C-I)
F70900001,대신하이일드공모주알파증권2호 A
F70900002,대신하이일드공모주알파증권2호 A-e
F71201B97,키움히어로즈미국물류부동산1호
F71201B98,키움히어로즈유럽오피스부동산1호 A
F71202B98,키움히어로즈유럽오피스부동산1호 C-I
F71203B98,키움히어로즈유럽오피스부동산2호 A
F71204B98,키움히어로즈유럽오피스부동산2호 C-I
F71205B98,키움히어로즈유럽오피스부동산3호 A
F71206B98,키움히어로즈유럽오피스부동산3호 C-I
F71207B98,키움히어로즈유럽오피스부동산4호 A
F71208B98,키움히어로즈유럽오피스부동산4호 C-I
F71901BBC,KB국민참여뉴딜2A
F71902BBC,KB국민참여뉴딜2C
F72501BBC,신한국민참여정책형뉴딜혼합자산2호 C1
F72502BBC,신한국민참여정책형뉴딜혼합자산2호 A1
F72801BBC,한화국민참여정책형뉴딜2A
F72802BBC,한화국민참여정책형뉴딜2C
F73300003,다올공모주하이일드만기형증권3 A
F73300004,다올공모주하이일드만기형증권3 Ae
F73400006,코레이트하이일드공모주만기형2호 A
F73400007,코레이트하이일드공모주만기형2호 A-e
F73501BBC,GB뉴딜기업2호A
F73502BBC,GB뉴딜기업2호Ae
F74100003,흥국플러스공모주하이일드증권2호 A
F74100004,흥국플러스공모주하이일드증권2호 A-e
F74100005,흥국플러스공모주하이일드증권2호 C-f
F74201773,하나대체나사부동산1호
F7420177B,하나대체미국LA부동산1호 A
F74201BAA,하나대체미국부동산1호 A
F7420277B,하나대체미국LA부동산1호 F
F74202BAA,하나대체미국부동산1호 C-I
F74401777,맵스미국11호
F74401BAA,맵스미국16호 종류A
F74601669,KCGI베트남증권투자신탁
F74701776,이지스코어부동산126호 A
F74701789,이지스204호 Class A
F74701B8A,이지스229호 Class A
F74701B97,이지스글로벌281호 Class A
F74701B9A,이지스299호A
F74702776,이지스코어부동산126호 C-i
F74702B8A,이지스229호 Class C-I
F75601BA2,유경공모부동산3호ClassA
F75602BA2,유경공모부동산3호ClassC-I
F75701BA7,현대유퍼스트부동산30호[파생형] A
F75702BA7,현대유퍼스트부동산30호[파생형] C-i
F75801BBC,IBK국민참여정책형뉴딜혼합자산2호A
F75802BBC,IBK국민참여정책형뉴딜혼합자산2호C
F76201BC5,이탈리아물류1호 종류A
F77200001,한국밸류K-파워1호 (A)
F77200002,한국밸류K-파워1호 (A-e)
F77200003,한국밸류K-파워2호 (A)
F77200004,한국밸류K-파워2호 (A-e)
F77200005,한국밸류AI혁신소부장1호(A)
F77200006,한국밸류AI혁신소부장1호(A-e)
F77200007,한국밸류AI혁신소부장1호(C-F)
F77200008,한국밸류AI혁신소부장2호(A)
F77200009,한국밸류AI혁신소부장2호(A-e)
F77200010,한국밸류AI혁신소부장2호(C-F)
F77200011,한국밸류기업가치포커스1호(A)
F77200012,한국밸류기업가치포커스1호(A-e)
F77200013,한국밸류기업가치포커스1호(C-F)
F77200014,한국밸류기업가치포커스2호(A)
F77200015,한국밸류기업가치포커스2호(A-e)
F77200016,한국밸류기업가치포커스2호(C-F)
F77300001,밸류시스템SAFE증권1호(A)
F77300002,밸류시스템SAFE증권1호(Ae)
F77300003,밸류시스템SAFE증권2호(A)
F77300004,밸류시스템SAFE증권2호(Ae)
000020,동화약품
000040,KR모터스
000050,경방
000070,삼양홀딩스
000075,삼양홀딩스우
000080,하이트진로
000087,하이트진로2우B
0000D0,TIGER 엔비디아미국채커버드콜밸런스(합성)
0000H0,KODEX 인도Nifty미드캡100
0000J0,PLUS 한화그룹주
0000Y0,HK 26-12 회사채(AA-이상)액티브
0000Z0,RISE 바이오TOP10액티브
000100,유한양행
000105,유한양행우
000120,CJ대한통운
000140,하이트진로홀딩스
000145,하이트진로홀딩스우
000150,두산
000155,두산우
000157,두산2우B
000180,성창기업지주
0001P0,마이티 바이오시밀러&CDMO액티브
0001S0,TIGER 26-04 회사채(A+이상)액티브
000210,DL
000215,DL우
000220,유유제약
000225,유유제약1우
000227,유유제약2우B
000230,일동홀딩스
000240,한국앤컴퍼니
000270,기아
0002C0,에셋플러스 인도일등기업포커스20액티브
000300,DH오토넥스
000320,노루홀딩스
000325,노루홀딩스우
000370,한화손해보험
000390,삼화페인트
000400,롯데손해보험
000430,대원강업
000480,CR홀딩스
000490,대동
0004G0,1Q 미국배당30
000500,가온전선
000520,삼일제약
000540,흥국화재
000545,흥국화재우
000590,CS홀딩스
0005A0,KODEX 미국S&P500데일리커버드콜OTM
0005C0,RISE 미국S&P500엔화노출(합성 H)
0005D0,SOL 전고체배터리&실리콘음극재
0005G0,ITF K-AI반도체코어테크
000640,동아쏘시오홀딩스
000650,천일고속
000660,SK하이닉스
000670,영풍
000680,LS네트웍스
000700,유수홀딩스
000720,현대건설
000725,현대건설우
000760,이화산업
0007F0,KODEX 27-12 회사채(AA-이상)액티브
0007G0,PLUS 글로벌원자력밸류체인
0007N0,아이엠에셋 200
000810,삼성화재
000815,삼성화재우
000850,화천기공
000860,강남제비스코
000880,한화
000885,한화우
00088K,한화3우B
000890,보해양조
0008E0,ACE 미국중심중소형제조업
0008S0,TIGER 미국배당다우존스타겟데일리커버드콜
0008T0,SOL 화장품TOP3플러스
000910,유니온
000950,전방
000970,한국주철관
000990,DB하이텍
001020,페이퍼코리아
001040,CJ
001045,CJ우
00104K,CJ4우(전환)
001060,JW중외제약
001065,JW중외제약우
001067,JW중외제약2우B
001070,대한방직
001080,만호제강
0010E0,ACE FTSE WGBI Korea
001120,LX인터내셔널
001130,대한제분
001140,국보
001200,유진투자증권
001210,금호전기
001230,동국홀딩스
001250,GS글로벌
001260,남광토건
001270,부국증권
001275,부국증권우
001290,상상인증권
001340,PKC
001360,삼성제약
001380,SG글로벌
001390,KG케미칼
0013P0,RISE 미국은행TOP10
0013R0,RISE 테슬라미국채타겟커버드콜혼합(합성)
001420,태원물산
001430,세아베스틸지주
001440,대한전선
001450,현대해상
001460,BYC
001465,BYC우
001470,삼부토건
001500,현대차증권
001510,SK증권
001515,SK증권우
001520,동양
001525,동양우
001527,동양2우B
001530,DI동일
001550,조비
001560,제일연마
001570,금양
0015B0,KoAct 미국나스닥성장기업액티브
0015E0,KIWOOM 엔비디아미국30년국채혼합액티브(H)
0015F0,KIWOOM 팔란티어미국30년국채혼합액티브(H)
0015K0,TIGER 미국소비트렌드액티브
001620,케이비아이동국실업
001630,종근당홀딩스
001680,대상
001685,대상우
0016X0,SOL 중단기회사채(A-이상)액티브
001720,신영증권
001740,SK네트웍스
001750,한양증권
001755,한양증권우
001770,SHD
001780,알루코
001790,대한제당
001795,대한제당우
0017Y0,1Q 종합채권(AA-이상)액티브
001800,오리온홀딩스
001820,삼화콘덴서
0018C0,PLUS 고배당주위클리고정커버드콜
0018Z0,RISE 미국양자컴퓨팅
001940,KISCO홀딩스
0019K0,TIMEFOLIO 미국나스닥100채권혼합50액티브
002020,코오롱
002025,코오롱우
002030,아세아
002070,비비안
0020H0,KoAct 글로벌양자컴퓨팅액티브
002100,경농
002140,고려산업
002150,도화엔지니어링
002170,삼양통상
0021C0,ACE 장기자산배분액티브
0021D0,ACE TDF2030액티브
0021E0,ACE TDF2050액티브
002200,한국수출포장
002210,동성제약
002220,한일철강
002240,고려제강
0022T0,SOL 골드커버드콜액티브
002310,아세아제지
002320,한진
002350,넥센타이어
002355,넥센타이어1우B
002360,SH에너지화학
002380,KCC
002390,한독
0023A0,SOL 미국양자컴퓨팅TOP10
0023B0,PLUS 미국양자컴퓨팅TOP10
002410,범양건영
002420,세기상사
002450,삼익악기
002460,HS화성
0025N0,TIGER TDF2045
002600,조흥
002620,제일파마홀딩스
002630,오리엔트바이오
002690,동일제강
0026E0,KODEX 미국S&P500버퍼3월액티브
0026S0,1Q 미국S&P500
002700,신일전자
002710,TCC스틸
002720,국제약품
002760,보락
002780,진흥기업
002785,진흥기업우B
002787,진흥기업2우B
002790,아모레퍼시픽홀딩스
002795,아모레퍼시픽홀딩스우
00279K,아모레퍼시픽홀딩스3우C
002810,삼영무역
002820,SUN&L
002840,미원상사
002870,신풍
002880,대유에이텍
0028X0,KODEX 미국금융테크액티브
002900,TYM
002920,유성기업
002960,한국쉘석유
002990,금호건설
002995,금호건설우
003000,부광약품
003010,혜인
003030,세아제강지주
003060,에이프로젠바이오로직스
003070,코오롱글로벌
003075,코오롱글로벌우
003080,SB성보
003090,대웅
0030R0,대신밸류리츠
003120,일성아이에스
003160,디아이
003200,일신방직
003220,대원제약
003230,삼양식품
003240,태광산업
003280,흥아해운
003300,한일홀딩스
003350,한국화장품제조
003460,유화증권
003465,유화증권우
003470,유안타증권
003475,유안타증권우
003480,한진중공업홀딩스
003490,대한항공
003495,대한항공우
003520,영진약품
003530,한화투자증권
003535,한화투자증권우
003540,대신증권
003545,대신증권우
003547,대신증권2우B
003550,LG
003555,LG우
003560,IHQ
003570,SNT다이내믹스
003580,HLB글로벌
0035T0,PLUS 글로벌휴머노이드로봇액티브
003610,방림
003620,KG모빌리티
003650,미창석유
003670,포스코퓨처엠
003680,한성기업
003690,코리안리
0036D0,TIMEFOLIO 미국배당다우존스액티브
0036R0,RISE 미국휴머노이드로봇
0036Z0,RISE 미국천연가스밸류체인
003720,삼영
003780,진양산업
003830,대한화섬
003850,보령
0038A0,KODEX 미국휴머노이드로봇
003920,남양유업
003925,남양유업우
003960,사조대림
004000,롯데정밀화학
004020,현대제철
004060,SG세계물산
004080,신흥
004090,한국석유
0040S0,HANARO 글로벌피지컬AI액티브
0040X0,SOL 팔란티어미국채커버드콜혼합
0040Y0,SOL 팔란티어커버드콜OTM채권혼합
004100,태양금속
004105,태양금속우
004140,동방
004150,한솔홀딩스
004170,신세계
0041D0,KODEX 미국AI소프트웨어TOP10
0041E0,KODEX 미국S&P500액티브
004250,NPC
004255,NPC우
004270,남성
004310,현대약품
004360,세방
004365,세방우
004370,농심
004380,삼익THK
0043B0,TIGER 머니마켓액티브
0043Y0,TIMEFOLIO 차이나AI테크액티브
004410,서울식품
004415,서울식품우
004430,송원산업
004440,삼일씨엔에스
004450,삼화왕관
004490,세방전지
004540,깨끗한나라
004545,깨끗한나라우
004560,현대비앤지스틸
004690,삼천리
0046A0,TIGER 미국초단기(3개월이하)국채
0046Y0,ACE 미국배당퀄리티
004700,조광피혁
004710,한솔테크닉스
004720,팜젠사이언스
004770,써니전자
0047A0,TIGER 차이나테크TOP10
0047N0,PLUS 차이나AI테크TOP10
0047P0,RISE 테슬라고정테크100
0047R0,RISE 팔란티어고정테크100
004800,효성
004830,덕성
004835,덕성우
004840,DRB동일
004870,티웨이홀딩스
004890,동일산업
0048J0,KODEX 미국머니마켓액티브
0048K0,KODEX 차이나휴머노이드로봇
004910,조광페인트
004920,씨아이테크
004960,한신공영
004970,신라교역
004980,성신양회
004985,성신양회우
004990,롯데지주
00499K,롯데지주우
0049K0,ACE 미국배당퀄리티채권혼합50
0049M0,ACE 미국배당퀄리티+커버드콜액티브
005010,휴스틸
005030,부산주공
005070,코스모신소재
005090,SGC에너지
0050E0,PLUS 미국AI에이전트
005110,한창
005180,빙그레
0051A0,KoAct 브로드컴밸류체인액티브
0051G0,SOL 미국원자력SMR
005250,녹십자홀딩스
005257,녹십자홀딩스2우
0052D0,TIGER 코리아배당다우존스
0052S0,1Q 미국S&P500미국채혼합50액티브
0052T0,1Q 중단기회사채(A-이상)액티브
005300,롯데칠성
005305,롯데칠성우
005320,온타이드
005360,모나미
005380,현대차
005385,현대차우
005387,현대차2우B
005389,현대차3우B
005390,신성통상
0053L0,TIGER 차이나휴머노이드로봇
005420,코스모화학
005430,한국공항
005440,현대지에프홀딩스
005490,POSCO홀딩스
005500,삼진제약
005610,SPC삼립
005680,삼영전자
005690,파미셀
005720,넥센
005725,넥센우
005740,크라운해태홀딩스
005745,크라운해태홀딩스우
005750,대림바스
0057H0,PLUS 미국S&P500미국채혼합50액티브
005800,신영와코루
005810,풍산홀딩스
005820,원림
005830,DB손해보험
005850,에스엘
005870,휴니드
005880,대한해운
005930,삼성전자
005935,삼성전자우
005940,NH투자증권
005945,NH투자증권우
005950,이수화학
005960,동부건설
005965,동부건설우
006040,동원산업
006060,화승인더
006090,사조오양
0060H0,TIGER 토탈월드스탁액티브
006110,삼아알미늄
006120,SK디스커버리
006125,SK디스커버리우
0061Z0,RISE 단기특수은행채액티브
006200,한국전자홀딩스
006220,제주은행
006260,LS
006280,녹십자
006340,대원전선
006345,대원전선우
006360,GS건설
006370,대구백화점
006380,카프로
006390,한일현대시멘트
006400,삼성SDI
006405,삼성SDI우
006490,인스코비
0064K0,KODEX 금액티브
006570,대림통상
0065G0,KODEX 차이나테크TOP10
006650,대한유화
006660,삼성공조
0066W0,SOL 국제금
006740,영풍제지
0067V0,TIGER 차이나글로벌리더스TOP3+
0067Y0,TIGER 차이나AI소프트웨어
006800,미래에셋증권
006805,미래에셋증권우
00680K,미래에셋증권2우B
006840,AK홀딩스
006880,신송홀딩스
006890,태경케미컬
0068M0,KODEX 미국S&P500버퍼6월액티브
006980,우성
0069M0,1Q 미국나스닥100
007070,GS리테일
007110,일신석재
007120,미래아이앤지
007160,사조산업
007210,벽산
007280,한국특강
0072R0,TIGER KRX금현물
007310,오뚜기
007340,DN오토모티브
0073X0,FOCUS 알리바바미국채커버드콜혼합
007460,에이프로젠
0074K0,KoAct K수출핵심기업TOP30액티브
007540,샘표
007570,일양약품
007575,일양약품우
007590,동방아그로
007610,선도전기
007660,이수페타시스
007690,국도화학
007700,F&F홀딩스
007810,코리아써키트
007815,코리아써우
00781K,코리아써키트2우B
007860,서연
007980,TP
0079X0,ACE BYD밸류체인액티브
008040,사조동아원
008060,대덕
00806K,대덕1우
0080G0,KODEX K방산TOP10
0080X0,SOL 미국S&P500미국채혼합50
0080Y0,SOL 조선TOP3플러스레버리지
008110,대동전자
008250,이건산업
008260,NI스틸
008350,남선알미늄
008355,남선알미우
008420,문배철강
008490,서흥
008500,일정실업
008600,윌비스
008700,아남전자
008730,율촌화학
008770,호텔신라
008775,호텔신라우
008870,금비
008930,한미사이언스
008970,동양철관
009070,KCTC
009140,경인전자
009150,삼성전기
009155,삼성전기우
009160,SIMPAC
009180,한솔로지스틱스
009190,대양금속
009200,무림페이퍼
009240,한샘
009270,신원
009290,광동제약
009310,참엔지니어링
009320,아진전자부품
009410,태영건설
009415,태영건설우
009420,한올바이오파마
009440,KC그린홀딩스
009450,경동나비엔
009460,한창제지
009470,삼화전기
009540,HD한국조선해양
009580,무림P&P
009680,모토닉
009770,삼정펄프
009810,플레이그램
009830,한화솔루션
009835,한화솔루션우
009900,명신산업
009970,영원무역홀딩스
010040,한국내화
010060,OCI홀딩스
010100,한국무브넥스
010120,LS ELECTRIC
010130,고려아연
010140,삼성중공업
010400,우진아이엔에스
010420,한솔PNS
010580,에스엠벡셀
010600,웰바이오텍
010620,HD현대미포
010640,진양폴리
010660,화천기계
010690,화신
010770,평화홀딩스
010780,아이에스동서
010820,퍼스텍
010950,S-Oil
010955,S-Oil우
010960,삼호개발
011000,진원생명과학
011070,LG이노텍
011090,에넥스
011150,CJ씨푸드
011155,CJ씨푸드1우
011170,롯데케미칼
011200,HMM
011210,현대위아
011230,삼화전자
011280,태림포장
011300,성안머티리얼스
011330,유니켐
011390,부산산업
011420,갤럭시아에스엠
011500,한농화성
011690,와이투솔루션
011700,한신기계
011760,현대코퍼레이션
011780,금호석유화학
011785,금호석유화학우
011790,SKC
011810,STX
011930,신성이엔지
012030,DB
012160,영흥
012170,아센디오
012200,계양전기
012205,계양전기우
012280,영화금속
012320,경동인베스트
012330,현대모비스
012450,한화에어로스페이스
012510,더존비즈온
012610,경인양행
012630,HDC
012690,모나리자
012750,에스원
012800,대창
013000,세우글로벌
013360,일성건설
013520,화승코퍼레이션
013570,디와이
013580,계룡건설
013700,까뮤이앤씨
013870,지엠비코리아
013890,지누스
014130,한익스프레스
014160,대영포장
014280,금강공업
014285,금강공업우
014440,영보화학
014530,극동유화
014580,태경비케이
014680,한솔케미칼
014710,사조씨푸드
014790,HL D&I
014820,동원시스템즈
014825,동원시스템즈우
014830,유니드
014910,성문전자
014915,성문전자우
014990,인디에프
015020,이스타코
015230,대창단조
015260,에이엔피
015360,INVENI
015590,DKME
015760,한국전력
015860,일진홀딩스
015890,태경산업
016090,대현
016360,삼성증권
016380,KG스틸
016450,한세예스24홀딩스
016580,환인제약
016590,신대양제지
016610,DB증권
016710,대성홀딩스
016740,두올
016800,퍼시스
016880,웅진
017040,광명전기
017180,명문제약
017370,우신시스템
017390,서울가스
017550,수산세보틱스
017670,SK텔레콤
017800,현대엘리베이터
017810,풀무원
017860,DS단석
017900,광전자
017940,E1
017960,한국카본
018250,애경산업
018260,삼성에스디에스
018470,조일알미늄
018500,동원금속
018670,SK가스
018880,한온시스템
019170,신풍제약
019175,신풍제약우
019180,티에이치엔
019440,세아특수강
019490,엑시큐어하이트론
019680,대교
019685,대교우B
020000,한섬
020120,키다리스튜디오
020150,롯데에너지머티리얼즈
020560,아시아나항공
020760,일진디스플
021050,서원
021240,코웨이
021820,세원정공
022100,포스코DX
023000,삼원강재
023150,MH에탄올
023350,한국종합기술
023450,동남합성
023530,롯데쇼핑
023590,다우기술
023800,인지컨트롤스
023810,인팩
023960,에쓰씨엔지니어링
024070,WISCOM
024090,디씨엠
024110,기업은행
024720,콜마홀딩스
024890,대원화성
024900,디와이덕양
025000,KPX케미칼
025530,SJM홀딩스
025540,한국단자
025560,미래산업
025620,제이준코스메틱
025750,한솔홈데코
025820,이구산업
025860,남해화학
025890,한국주강
026890,스틱인베스트먼트
026940,부국철강
026960,동서
027410,BGF
027740,마니커
027970,한국제지
028050,삼성E&A
028100,동아지질
028260,삼성물산
02826K,삼성물산우B
028670,팬오션
029460,케이씨
029530,신도리코
029780,삼성카드
030000,제일기획
030190,NICE평가정보
030200,KT
030210,다올투자증권
030610,교보증권
030720,동원수산
031210,서울보증보험
031430,신세계인터내셔날
031440,신세계푸드
031820,아이티센씨티에스
032350,롯데관광개발
032560,황금에스티
032640,LG유플러스
032830,삼성생명
033180,KH 필룩스
033240,자화전자
033250,체시스
033270,유나이티드제약
033530,SJG세종
033780,KT&G
033920,무학
034020,두산에너빌리티
034120,SBS
034220,LG디스플레이
034230,파라다이스
034310,NICE
034590,인천도시가스
034730,SK
03473K,SK우
034830,한국토지신탁
035000,HS애드
035150,백산
035250,강원랜드
035420,NAVER
035510,신세계 I&C
035720,카카오
036420,콘텐트리중앙
036460,한국가스공사
036530,SNT홀딩스
036570,엔씨소프트
036580,팜스코
037270,YG PLUS
037560,LG헬로비전
037710,광주신세계
039130,하나투어
039490,키움증권
039570,HDC랩스
041650,상신브레이크
042660,한화오션
042670,HD현대인프라코어
042700,한미반도체
044380,주연테크
044450,KSS해운
044820,코스맥스비티아이
047040,대우건설
047050,포스코인터내셔널
047400,유니온머티리얼
047810,한국항공우주
049770,동원F&B
049800,우진플라임
051600,한전KPS
051630,진양화학
051900,LG생활건강
051905,LG생활건강우
051910,LG화학
051915,LG화학우
052690,한전기술
053210,스카이라이프
053690,한미글로벌
055490,테이팩스
055550,신한지주
057050,현대홈쇼핑
058430,포스코스틸리온
058650,세아홀딩스
058730,다스코
058850,KTcs
058860,KTis
060980,HL홀딩스
062040,산일전기
063160,종근당바이오
064350,현대로템
064400,LG씨엔에스
064960,SNT모티브
066570,LG전자
066575,LG전자우
066970,엘앤에프
067830,세이브존I&C
068270,셀트리온
068290,삼성출판사
069260,TKG휴켐스
069460,대호에이엘
069500,KODEX 200
069620,대웅제약
069640,한세엠케이
069660,KIWOOM 200
069730,DSR제강
069960,현대백화점
070960,모나용평
071050,한국금융지주
071055,한국금융지주우
071090,하이스틸
071320,지역난방공사
071840,롯데하이마트
071950,코아스
071970,HD현대마린엔진
072130,유엔젤
072710,농심홀딩스
073240,금호타이어
074610,이엔플러스
075180,새론오토모티브
075580,세진중공업
077500,유니퀘스트
077970,STX엔진
078000,텔코웨어
078520,에이블씨엔씨
078930,GS
078935,GS우
079160,CJ CGV
079430,현대리바트
079550,LIG넥스원
079900,전진건설로봇
079980,휴비스
081000,일진다이아
081660,미스토홀딩스
082640,동양생명
082740,한화엔진
083420,그린케미칼
084010,대한제강
084670,동양고속
084680,이월드
084690,대상홀딩스
084695,대상홀딩스우
084870,TBH글로벌
085310,엔케이
085620,미래에셋생명
086280,현대글로비스
086790,하나금융지주
088260,이리츠코크렙
088350,한화생명
088790,진도
088980,맥쿼리인프라
089470,HDC현대EP
089590,제주항공
089860,롯데렌탈
090080,평화산업
090350,노루페인트
090355,노루페인트우
090370,메타랩스
090430,아모레퍼시픽
090435,아모레퍼시픽우
090460,비에이치
091090,세원이앤씨
091160,KODEX 반도체
091170,KODEX 은행
091180,KODEX 자동차
091220,TIGER 은행
091230,TIGER 반도체
091810,티웨이항공
092200,디아이씨
092220,KEC
092230,KPX홀딩스
092440,기신정기
092780,DYP
092790,넥스틸
093050,LF
093230,이아이디
093240,형지엘리트
093370,후성
094280,효성ITX
094800,맵스리얼티1
095570,AJ네트웍스
095720,웅진씽크빅
096760,JW홀딩스
096770,SK이노베이션
096775,SK이노베이션우
097230,HJ중공업
097520,엠씨넥스
097950,CJ제일제당
097955,CJ제일제당 우
098560,TIGER 방송통신
099140,KODEX 차이나H
100090,SK오션플랜트
100220,비상교육
100250,진양홀딩스
100840,SNT에너지
100910,KIWOOM KRX100
101140,인바이오젠
101280,KODEX 일본TOPIX100
101530,해태제과식품
102110,TIGER 200
102260,동성케미컬
102280,쌍방울
102460,이연제약
102780,KODEX 삼성그룹
102960,KODEX 기계장비
102970,KODEX 증권
103140,풍산
103590,일진전기
104520,KIWOOM 블루칩
104530,KIWOOM 고배당
104700,한국철강
105010,TIGER 라틴35
105190,ACE 200
105560,KB금융
105630,한세실업
105780,RISE 5대그룹주
105840,우진
107590,미원홀딩스
108320,LX세미콘
108450,ACE 삼성그룹섹터가중
108590,TREX 200
108670,LX하우시스
108675,LX하우시스우
109070,주성코퍼레이션
111110,호전실업
111380,동인기연
111770,영원무역
112610,씨에스윈드
114090,GKL
114100,RISE 국고채3년
114260,KODEX 국고채3년
114460,ACE 국고채3년
114470,KIWOOM 국고채3년
114800,KODEX 인버스
114820,TIGER 국채3년
117460,KODEX 에너지화학
117580,대성에너지
117680,KODEX 철강
117690,TIGER 차이나항셍30
117700,KODEX 건설
118000,메타케어
119650,KC코트렐
120030,조선선재
120110,코오롱인더
120115,코오롱인더우
122090,PLUS 코스피50
122260,KIWOOM 통안채1년
122630,KODEX 레버리지
122900,아이마켓코리아
123310,TIGER 인버스
123320,TIGER 레버리지
123690,한국화장품
123700,SJM
123890,한국자산신탁
126560,현대퓨처넷
126720,수산인더스트리
128820,대성산업
128940,한미약품
129260,인터지스
130660,한전산업
130680,TIGER 원유선물Enhanced(H)
130730,KIWOOM 단기자금
131890,ACE 삼성그룹동일가중
132030,KODEX 골드선물(H)
133690,TIGER 미국나스닥100
133820,화인베스틸
134380,미원화학
134790,시디즈
136340,RISE 중기우량회사채
136490,선진
137310,에스디바이오센서
137610,TIGER 농산물선물Enhanced(H)
138040,메리츠금융지주
138230,KIWOOM 미국달러선물
138490,코오롱ENP
138520,TIGER 삼성그룹펀더멘털
138530,TIGER LG그룹+펀더멘털
138540,TIGER 현대차그룹+펀더멘털
138910,KODEX 구리선물(H)
138920,KODEX 콩선물(H)
138930,BNK금융지주
139130,iM금융지주
139220,TIGER 200 건설
139230,TIGER 200 중공업
139240,TIGER 200 철강소재
139250,TIGER 200 에너지화학
139260,TIGER 200 IT
139270,TIGER 200 금융
139280,TIGER 경기방어
139290,TIGER 200 경기소비재
139310,TIGER 금속선물(H)
139320,TIGER 금은선물(H)
139480,이마트
139660,KIWOOM 미국달러선물인버스
139990,아주스틸
140570,RISE 수출주
140580,RISE 우량업종대표주
140700,KODEX 보험
140710,KODEX 운송
140910,에이리츠
140950,파워 코스피100
143210,핸즈코퍼레이션
143850,TIGER 미국S&P500선물(H)
143860,TIGER 헬스케어
144600,KODEX 은선물(H)
145210,다이나믹디자인
145270,케이탑리츠
145670,ACE 인버스
145720,덴티움
145850,TREX 펀더멘탈 200
145990,삼양사
145995,삼양사우
147970,TIGER 모멘텀
148020,RISE 200
148070,KIWOOM 국고채10년
150460,TIGER 중국소비테마
152100,PLUS 200
152380,KODEX 국채선물10년
152500,ACE 레버리지
152550,한국ANKOR유전
152870,파워 200
153130,KODEX 단기채권
153270,KIWOOM 코스피100
155660,DSR
156080,KODEX MSCI Korea
157450,TIGER 단기통안채
157490,TIGER 소프트웨어
157500,TIGER 증권
159800,마이티 코스피100
160580,TIGER 구리실물
161000,애경케미칼
161390,한국타이어앤테크놀로지
161510,PLUS 고배당주
161890,한국콜마
163560,동일고무벨트
166400,TIGER 200커버드콜OTM
167860,KIWOOM 국고채10년레버리지
168580,ACE 중국본토CSI300
169950,KODEX 차이나A50
170900,동아에스티
174350,TIGER 로우볼
174360,RISE 중국본토대형주CSI100
175330,JB금융지주
176950,KODEX 국채선물10년인버스
178920,PI첨단소재
180640,한진칼
18064K,한진칼우
181480,ACE 미국부동산리츠(합성 H)
181710,NHN
182480,TIGER 미국MSCI리츠(합성 H)
182490,TIGER 단기선진하이일드(합성 H)
183190,아세아시멘트
183700,RISE 채권혼합
183710,RISE 주식혼합
185680,KODEX 미국S&P바이오(합성)
185750,종근당
189400,PLUS 글로벌MSCI(합성 H)
190620,ACE 단기통안채
192080,더블유게임즈
192090,TIGER 차이나CSI300
192400,쿠쿠홀딩스
192650,드림텍
192720,파워 고배당저변동성
192820,코스맥스
194370,제이에스코퍼레이션
195870,해성디에스
195920,TIGER 일본TOPIX(합성 H)
195930,TIGER 유로스탁스50(합성 H)
195970,PLUS 선진국MSCI(합성 H)
195980,PLUS 신흥국MSCI(합성 H)
196030,ACE 일본TOPIX레버리지(H)
196230,RISE 단기통안채
200030,KODEX 미국S&P500산업재(합성)
200250,KIWOOM 인도Nifty50(합성)
200880,서연이화
203780,TIGER 미국나스닥바이오
204210,스타에스엠리츠
204320,HL만도
204450,KODEX 차이나H레버리지(H)
204480,TIGER 차이나CSI300레버리지(합성)
205720,ACE 일본TOPIX인버스(합성 H)
207940,삼성바이오로직스
210540,디와이파워
210780,TIGER 코스피고배당
210980,SK디앤디
211560,TIGER 배당성장
211900,KODEX 배당성장
213500,한솔제지
213610,KODEX 삼성그룹밸류
213630,PLUS 미국다우존스고배당주(합성 H)
214320,이노션
214330,금호에이치티
214390,경보제약
214420,토니모리
214980,KODEX 단기채권PLUS
215620,HK S&P코리아로우볼
217770,TIGER 원유선물인버스(H)
217780,TIGER 차이나CSI300인버스(합성)
218420,KODEX 미국S&P500에너지(합성)
219390,RISE 미국S&P원유생산기업(합성 H)
219480,KODEX 미국S&P500선물(H)
219900,ACE 중국본토CSI300레버리지(합성)
220130,SOL 차이나강소기업CSI500(합성 H)
223190,KODEX 200가치저변동
225030,TIGER 미국S&P500선물인버스(H)
225040,TIGER 미국S&P500레버리지(합성 H)
225050,TIGER 유로스탁스레버리지(합성 H)
225060,TIGER 이머징마켓MSCI레버리지(합성 H)
225130,ACE 골드선물 레버리지(합성 H)
225800,KIWOOM 미국달러선물레버리지
226320,잇츠한불
226380,ACE Fn성장소비주도주
226490,KODEX 코스피
226980,KODEX 200 중소형
227540,TIGER 200 헬스케어
227550,TIGER 200 산업재
227560,TIGER 200 생활소비재
227570,TIGER 우량가치
227830,PLUS 코스피
227840,현대코퍼레이션홀딩스
228790,TIGER 화장품
228800,TIGER 여행레저
228810,TIGER 미디어컨텐츠
228820,TIGER KTOP30
229200,KODEX 코스닥150
229640,LS에코에너지
229720,KODEX KTOP30
230480,KIWOOM 미국달러선물인버스2X
232080,TIGER 코스닥150
233160,TIGER 코스닥150 레버리지
233740,KODEX 코스닥150레버리지
234080,JW생명과학
234310,RISE V&S셀렉트밸류
236350,TIGER 인도니프티50레버리지(합성)
237350,KODEX 코스피100
237370,KODEX 배당성장채권혼합
237440,TIGER 경기방어채권혼합
238670,PLUS 스마트베타Quality채권혼합
238720,ACE 일본Nikkei225(H)
239660,PLUS 우량회사채50
241180,TIGER 일본니케이225
241390,RISE V&S셀렉트밸류채권혼합
241560,두산밥캣
241590,화승엔터프라이즈
243880,TIGER 200IT레버리지
243890,TIGER 200에너지화학레버리지
244580,KODEX 바이오
244620,KODEX 모멘텀Plus
244660,KODEX 퀄리티Plus
244670,KODEX 밸류Plus
244920,에이플러스에셋
245340,TIGER 미국다우존스30
245350,TIGER 유로스탁스배당30
245360,TIGER 차이나HSCEI
245710,ACE 베트남VN30(합성)
248070,솔루엠
248170,샘표식품
248270,TIGER S&P글로벌헬스케어(합성)
249420,일동제약
250730,RISE 차이나HSCEI(H)
250780,TIGER 코스닥150선물인버스
251270,넷마블
251340,KODEX 코스닥150선물인버스
251350,KODEX MSCI선진국
251590,PLUS 고배당저변동50
251600,PLUS 고배당주채권혼합
252000,TIGER 200동일가중
252400,RISE 200선물레버리지
252410,RISE 200선물인버스
252420,RISE 200선물인버스2X
252650,KODEX 200동일가중
252670,KODEX 200선물인버스2X
252710,TIGER 200선물인버스2X
253150,PLUS 200선물레버리지
253160,PLUS 200선물인버스2X
253230,KIWOOM 200선물인버스2X
253240,KIWOOM 200선물인버스
253250,KIWOOM 200선물레버리지
253280,RISE 헬스케어
253290,RISE 헬스케어채권혼합
256440,ACE 인도네시아MSCI(합성)
256450,PLUS 심천차이넥스트(합성)
256750,KODEX 차이나심천ChiNext(합성)
259960,크래프톤
261060,TIGER 코스닥150IT
261070,TIGER 코스닥150바이오테크
261110,TIGER 미국달러선물레버리지
261120,TIGER 미국달러선물인버스2X
261140,TIGER 우선주
261220,KODEX WTI원유선물(H)
261240,KODEX 미국달러선물
261250,KODEX 미국달러선물레버리지
261260,KODEX 미국달러선물인버스2X
261270,KODEX 미국달러선물인버스
261920,ACE 필리핀MSCI(합성)
264900,크라운제과
26490K,크라운제과우
265690,ACE 러시아MSCI(합성)
266160,RISE 고배당
266360,KODEX 미디어&엔터테인먼트
266370,KODEX IT
266390,KODEX 경기소비재
266410,KODEX 필수소비재
266420,KODEX 헬스케어
266550,PLUS 중형주저변동50
267250,HD현대
267260,HD현대일렉트릭
267270,HD현대건설기계
267290,경동도시가스
267440,RISE 미국장기국채선물(H)
267450,RISE 미국장기국채선물인버스(H)
267490,RISE 미국장기국채선물레버리지(합성 H)
267770,TIGER 200선물레버리지
267850,아시아나IDT
268280,미원에스씨
269370,TIGER S&P글로벌인프라(합성)
269420,KODEX S&P글로벌인프라(합성)
269530,PLUS S&P글로벌인프라
269540,PLUS 미국S&P500(H)
270800,RISE KQ고배당
270810,RISE 코스닥150
271050,KODEX WTI원유선물인버스(H)
271060,KODEX 3대농산물선물(H)
271560,오리온
271940,일진하이솔루스
271980,제일약품
272210,한화시스템
272450,진에어
272550,삼양패키징
272560,RISE 단기국공채액티브
272570,RISE 중장기국공채액티브
272580,TIGER 단기채권액티브
272910,ACE 중장기국공채액티브
273130,KODEX 종합채권(AA-이상)액티브
273140,KODEX 단기변동금리부채권액티브
275280,KODEX 모멘텀주
275290,KODEX 가치주
275300,KODEX 우량주
275750,RISE 코스닥150선물인버스
275980,TIGER 글로벌4차산업혁신기술(합성 H)
276000,TIGER 글로벌자원생산기업(합성 H)
276650,RISE 글로벌테크놀로지(합성 H)
276970,KODEX 미국S&P500배당귀족커버드콜(합성 H)
276990,KODEX 글로벌로봇(합성)
277540,ACE 아시아TOP50S&P
277630,TIGER 코스피
277640,TIGER 코스피대형주
277650,TIGER 코스피중형주
278240,RISE 코스닥150선물레버리지
278470,에이피알
278530,KODEX 200TR
278540,KODEX MSCI Korea TR
278620,PLUS 단기채권액티브
279530,KODEX 고배당주
279540,KODEX 최소변동성
280320,ACE 미국IT인터넷S&P(합성 H)
280360,롯데웰푸드
280920,PLUS 주도업종
280930,KODEX 미국러셀2000(H)
280940,KODEX 골드선물인버스(H)
281820,케이씨텍
281990,RISE 중소형고배당
282000,RISE 국고채3년선물인버스
282330,BGF리테일
283580,KODEX 차이나CSI300
284430,KODEX 200미국채혼합
284740,쿠쿠홈시스
284980,RISE 200금융
285130,SK케미칼
28513K,SK케미칼우
285690,FOCUS ESG리더스
286940,롯데이노베이트
287180,PLUS 미국나스닥테크
289040,KODEX MSCI KOREA ESG유니버설
289250,TIGER MSCI KOREA ESG유니버설
289260,TIGER MSCI KOREA ESG리더스
289480,TIGER 200커버드콜
289670,PLUS 국채선물10년
290080,RISE 200고배당커버드콜ATM
290130,RISE ESG사회책임투자
291130,ACE 멕시코MSCI(합성)
291620,KIWOOM 코스닥150선물인버스
291630,KIWOOM 코스닥150선물레버리지
291680,RISE 차이나H선물인버스(H)
291890,KODEX MSCI EM선물(H)
292050,RISE KRX300
292150,TIGER TOP10
292160,TIGER KRX300
292190,KODEX KRX300
292500,SOL KRX300
292560,TIGER 일본엔선물
292730,FOCUS KRX300
292770,KODEX 국채선물3년인버스
293180,HANARO 200
293480,하나제약
293940,신한알파리츠
294400,KIWOOM 200TR
294870,HDC현대산업개발
295000,RISE 국채선물10년
295020,RISE 국채선물10년인버스
295040,SOL 200TR
298000,효성화학
298020,효성티앤씨
298040,효성중공업
298050,HS효성첨단소재
298340,PLUS 국채선물3년
298690,에어부산
298770,KODEX 한국대만IT프리미어
300610,TIGER K게임
300640,RISE 게임테마
300720,한일시멘트
300950,KODEX 게임산업
301400,PLUS 코스닥150
301410,PLUS 코스닥150선물인버스
302190,TIGER 중장기국채
302440,SK바이오사이언스
302450,RISE 코스피
304660,KODEX 미국30년국채울트라선물(H)
304670,KODEX 미국30년국채울트라선물인버스(H)
304760,HANARO KRX300
304770,HANARO 코스닥150
304780,HANARO 200선물레버리지
304940,KODEX 미국나스닥100선물(H)
305050,ACE 코스피
305080,TIGER 미국채10년선물
305540,TIGER 2차전지테마
305720,KODEX 2차전지산업
306200,세아제강
306520,HANARO 200선물인버스
306530,HANARO 코스닥150선물레버리지
306950,KODEX KRX300레버리지
307510,TIGER 의료기기
307520,TIGER 지주회사
307950,현대오토에버
308170,씨티알모빌리티
308620,KODEX 미국10년국채선물
309230,ACE 미국WideMoat동일가중
310080,RISE 중국MSCI China(H)
310960,TIGER 200TR
310970,TIGER MSCI Korea TR
314250,KODEX 미국빅테크10(H)
314700,HANARO 농업융복합산업
315270,TIGER 200커뮤니케이션서비스
315930,KODEX Top5PlusTR
315960,RISE 대형고배당10TR
316140,우리금융지주
316300,ACE 싱가포르리츠
316670,KIWOOM 코스닥150
317400,자이에스앤디
319640,TIGER 골드선물(H)
321410,KODEX 멀티에셋하이인컴(H)
322000,HD현대에너지솔루션
322400,HANARO e커머스
322410,HANARO 고배당
323410,카카오뱅크
325010,KODEX 성장주
325020,KODEX 배당가치
326030,SK바이오팜
326230,RISE 내수주플러스
326240,RISE IT플러스
328370,PLUS 코스피TR
329180,HD현대중공업
329200,TIGER 리츠부동산인프라
329650,KODEX TRF3070
329660,KODEX TRF5050
329670,KODEX TRF7030
329750,TIGER 미국달러단기채권액티브
330590,롯데리츠
332500,ACE 200TR
332610,PLUS 미국단기회사채(AAA~A)
332620,PLUS 미국장기우량회사채
332930,HANARO 200TR
332940,HANARO MSCI Korea TR
334690,RISE 팔라듐선물(H)
334700,RISE 팔라듐선물인버스(H)
334890,이지스밸류플러스리츠
336160,RISE 금융채액티브
336260,두산퓨얼셀
33626K,두산퓨얼셀1우
33626L,두산퓨얼셀2우B
336370,솔루스첨단소재
33637K,솔루스첨단소재1우
33637L,솔루스첨단소재2우B
337120,KODEX 멀티팩터
337140,KODEX 코스피대형주
337150,KODEX 200exTOP
337160,KODEX 200ESG
338100,NH프라임리츠
339770,교촌에프앤비
341850,TIGER 리츠부동산인프라채권
344820,KCC글라스
346000,HANARO KAP초장기국고채
348950,제이알글로벌리츠
350520,이지스레지던스리츠
352540,KODEX 일본부동산리츠(H)
352560,KODEX 미국부동산리츠(H)
352820,하이브
353200,대덕전자
35320K,대덕전자1우
354240,RISE 미국고정배당우선증권
354350,HANARO 글로벌럭셔리S&P(합성)
354500,ACE 코스닥150
356540,ACE 종합채권(AA-이상)KIS액티브
357120,코람코라이프인프라리츠
357250,미래에셋맵스리츠
357430,마스턴프리미어리츠
357870,TIGER CD금리투자KIS(합성)
359210,KODEX 코스피TR
360140,KODEX 200롱코스닥150숏선물
360150,KODEX 코스닥150롱코스피200숏선물
360200,ACE 미국S&P500
360750,TIGER 미국S&P500
361580,RISE 200TR
361610,SK아이이테크놀로지
363280,티와이홀딩스
36328K,티와이홀딩스우
363510,SOL KIS단기통안채
363570,KODEX 장기종합채권(AA-이상)액티브
363580,KODEX 200IT TR
364690,KODEX 혁신기술테마액티브
364960,TIGER BBIG
364970,TIGER 바이오TOP10
364980,TIGER 2차전지TOP10
364990,TIGER 게임TOP10
365000,TIGER 인터넷TOP10
365040,TIGER AI코리아그로스액티브
365550,ESR켄달스퀘어리츠
365780,ACE 국고채10년
367380,ACE 미국나스닥100
367740,HANARO Fn5G산업
367760,RISE 5G테크
367770,RISE 수소경제테마
368190,HANARO Fn K-뉴딜디지털플러스
368590,RISE 미국나스닥100
368680,KODEX K-뉴딜디지털플러스
371150,RISE 차이나항셍테크
371160,TIGER 차이나항셍테크
371450,TIGER 글로벌클라우드컴퓨팅INDXX
371460,TIGER 차이나전기차SOLACTIVE
371470,TIGER 차이나바이오테크SOLACTIVE
371870,ACE 차이나항셍테크
372330,KODEX 차이나항셍테크
372910,한컴라이프케어
373220,LG에너지솔루션
373490,KODEX 코리아혁신성장액티브
373530,PLUS 신흥국MSCI인버스(합성 H)
373790,KIWOOM 미국방어배당성장나스닥
375270,RISE 글로벌데이터센터리츠(합성)
375500,DL이앤씨
37550K,DL이앤씨우
37550L,DL이앤씨2우(전환)
375760,HANARO 탄소효율그린뉴딜
375770,KODEX 탄소효율그린뉴딜
376410,TIGER 탄소효율그린뉴딜
377190,디앤디플랫폼리츠
377300,카카오페이
377740,바이오노트
377990,TIGER Fn신재생에너지
378850,화승알앤에이
379780,RISE 미국S&P500
379790,RISE 유로스탁스50(H)
379800,KODEX 미국S&P500
379810,KODEX 미국나스닥100
380340,ACE Fn5G플러스
381170,TIGER 미국테크TOP10 INDXX
381180,TIGER 미국필라델피아반도체나스닥
381560,HANARO Fn전기&수소차
381570,HANARO Fn친환경에너지
381970,케이카
383220,F&F
383800,LX홀딩스
38380K,LX홀딩스1우
385510,KODEX 신재생에너지액티브
385520,KODEX 자율주행액티브
385540,RISE 종합채권(A-이상)액티브
385550,RISE 단기채권알파액티브
385560,RISE KIS국고채30년Enhanced
385590,ACE ESG액티브
385600,ACE 2차전지&친환경차액티브
385710,TIMEFOLIO K이노베이션액티브
385720,TIMEFOLIO 코스피액티브
387270,TIGER 글로벌이노베이션액티브
387280,TIGER 퓨처모빌리티액티브
388280,RISE 컨택트대표
388420,RISE 비메모리반도체액티브
390390,KODEX 미국반도체
390400,KODEX 미국스마트모빌리티S&P
391600,ACE 미국친환경그린테마INDXX
391670,HK 베스트일레븐액티브
394350,KIWOOM 글로벌퓨처모빌리티
394660,TIGER 글로벌자율주행&전기차SOLACTIVE
394670,TIGER 글로벌리튬&2차전지SOLACTIVE(합성)
395150,KODEX 웹툰&드라마
395160,KODEX AI반도체
395170,KODEX Top10동일가중
395270,HANARO Fn K-반도체
395280,HANARO Fn K-게임
395290,HANARO Fn K-POP&미디어
395400,SK리츠
395750,PLUS ESG가치주액티브
395760,PLUS ESG성장주액티브
396500,TIGER Fn반도체TOP10
396510,TIGER 차이나클린에너지SOLACTIVE
396520,TIGER 차이나반도체FACTSET
396690,미래에셋글로벌리츠
397420,RISE 국채선물5년추종
399110,SOL 미국S&P500ESG
399580,RISE 글로벌클린에너지
400570,KODEX 유럽탄소배출권선물ICE(H)
400580,SOL 유럽탄소배출권선물S&P(H)
400590,SOL 글로벌탄소배출권선물ICE(합성)
400760,NH올원리츠
400970,TIGER Fn메타버스
401170,RISE 메타버스
401470,KODEX 메타버스액티브
401590,HANARO 글로벌탄소배출권선물ICE(합성)
402340,SK스퀘어
402460,HANARO Fn K-메타버스MZ
402970,ACE 미국배당다우존스
403550,쏘카
403790,마이다스 코스피액티브
404120,TIMEFOLIO K신재생에너지액티브
404260,KODEX 기후변화솔루션
404540,TIGER KRX기후변화솔루션
404650,SOL KRX기후변화솔루션
404990,신한서부티엔디리츠
407160,KCGI 테크미디어텔레콤액티브
407170,KCGI 스마트커머스액티브
407300,HANARO Fn골프테마
407310,HANARO 200 TOP10
407820,에셋플러스 코리아플랫폼액티브
407830,에셋플러스 글로벌플랫폼액티브
409810,KODEX 미국나스닥100선물인버스(H)
409820,KODEX 미국나스닥100레버리지(합성 H)
410870,TIMEFOLIO K컬처액티브
411050,ACE 글로벌메타버스테크액티브
411060,ACE KRX금현물
411420,KODEX 미국나스닥AI테크액티브
411540,SOL 200 Top10
411860,KIWOOM 독일DAX
412560,TIGER BBIG레버리지
412570,TIGER 2차전지TOP10레버리지
412770,TIGER 글로벌AI플랫폼액티브
413220,SOL 차이나태양광CSI(합성)
413930,WON AI ESG액티브
414270,ACE 글로벌자율주행액티브
414780,TIGER 차이나과창판STAR50(합성)
415340,KODEX 차이나과창판STAR50(합성)
415640,KB발해인프라
415760,SOL 차이나육성산업액티브(합성)
415920,PLUS 글로벌희토류&전략자원생산기업
416090,ACE 중국과창판STAR50
417310,코람코더원리츠
417450,RISE 글로벌수소경제
417630,TIGER KEDI혁신기업ESG30
418660,TIGER 미국나스닥100레버리지(합성)
418670,TIGER 글로벌AI사이버보안
419420,KODEX 미국클린에너지나스닥
419430,KODEX 차이나2차전지MSCI(합성)
419650,PLUS 글로벌수소&차세대연료전지
419890,KIWOOM 단기채권ESG액티브
421320,PLUS 우주항공&UAM
422260,VITA MZ소비액티브
422420,RISE 2차전지액티브
423160,KODEX KOFR금리액티브(합성)
423170,SOL 한국형글로벌반도체액티브
423920,TIGER 미국필라델피아반도체레버리지(합성)
424460,HANARO 글로벌워터MSCI(합성)
426020,TIMEFOLIO 미국S&P500액티브
426030,TIMEFOLIO 미국나스닥100액티브
426150,WON 대한민국국고채액티브
426330,KIWOOM 미국ETF산업STOXX
427120,RISE 플랫폼테마
428510,KODEX 차이나AI테크액티브
428560,KODEX 미국ETF산업Top10 Indxx
429000,TIGER 미국S&P500배당귀족
429010,TIGER 미국나스닥넥스트100
429740,PLUS K리츠
429760,PLUS 미국S&P500
429980,SOL 한국형글로벌전기차&2차전지액티브
430500,KIWOOM 물가채KIS
432320,KB스타리츠
432600,RISE 국채선물3년
432840,HANARO 미국S&P500
433220,에셋플러스 글로벌대장장이액티브
433250,UNICORN R&D 액티브
433330,SOL 미국S&P500
433500,ACE 원자력테마딥서치
433850,PLUS TDF2030액티브
433860,PLUS TDF2040액티브
433870,PLUS TDF2050액티브
433880,PLUS TDF2060액티브
433970,KODEX TDF2030액티브
433980,KODEX TDF2040액티브
434060,KODEX TDF2050액티브
434730,HANARO 원자력iSelect
434960,DAISHIN343 K200
435040,ACE 글로벌브랜드TOP10블룸버그
435420,TIGER 미국나스닥100채권혼합Fn
435530,KIWOOM TDF2030액티브
435540,KIWOOM TDF2040액티브
435550,KIWOOM TDF2050액티브
436140,SOL 종합채권(AA-이상)액티브
437070,KODEX 아시아달러채권ESG플러스액티브
437080,KODEX 미국종합채권ESG액티브(H)
437350,RISE 미국단기투자등급회사채액티브
437370,RISE 글로벌농업경제
438080,ACE 미국S&P500채권혼합액티브
438100,ACE 미국나스닥100채권혼합액티브
438320,TIGER 차이나항셍테크레버리지(합성 H)
438330,TIGER 우량회사채액티브
438560,SOL 국고채3년
438570,SOL 국고채10년
438740,마이다스 중소형액티브
438900,HANARO Fn K-푸드
439860,KODEX ESG종합채권(A-이상)액티브
439870,KODEX 국고채30년액티브
440340,TIGER 글로벌멀티에셋TIF액티브
440640,ACE 단기채권알파액티브
440650,ACE 미국달러단기채권액티브
440910,WON 미국우주항공방산
441330,KIWOOM 차이나A50커넥트MSCI
441540,HANARO Fn조선해운
441640,KODEX 미국배당커버드콜액티브
441680,TIGER 미국나스닥100커버드콜(합성)
441800,TIMEFOLIO Korea플러스배당액티브
442090,에셋플러스 코리아대장장이액티브
442260,마이티 다이나믹퀀트액티브
442320,RISE 글로벌원자력
442550,RISE TDF2030액티브
442560,RISE TDF2040액티브
442570,RISE TDF2050액티브
442580,PLUS 글로벌HBM반도체
443060,HD현대마린솔루션
444200,SOL KEDI메가테크액티브
444490,WON 미국S&P500
445150,KODEX 친환경조선해운액티브
445290,KODEX 로봇액티브
445690,BNK 주주가치액티브
445910,TIGER MKF배당귀족
446070,유니드비티플러스
446690,KODEX 아시아AI반도체exChina액티브
446700,RISE 배터리 리사이클링
446720,SOL 미국배당다우존스
446770,ACE 글로벌반도체TOP4 Plus SOLACTIVE
447430,ACE 주주환원가치주액티브
447620,SOL 미국TOP5채권혼합40 Solactive
447660,PLUS 애플채권혼합
447770,TIGER 테슬라채권혼합Fn
448100,WON 200
448290,TIGER 미국S&P500(H)
448300,TIGER 미국나스닥100(H)
448330,KODEX 삼성전자채권혼합
448490,HANARO 32-10 국고채액티브
448540,ACE 엔비디아채권혼합블룸버그
448570,FOCUS AI코리아액티브
448600,RISE 25-11 회사채(AA-이상)액티브
448630,RISE 삼성그룹Top3채권혼합
448730,삼성FN리츠
449170,TIGER KOFR금리액티브(합성)
449180,KODEX 미국S&P500(H)
449190,KODEX 미국나스닥100(H)
449450,PLUS K방산
449580,RISE 테슬라애플아마존채권혼합
449680,TIGER 한중전기차(합성)
449690,TIGER 한중반도체(합성)
449770,KIWOOM 미국S&P500
449780,KIWOOM 미국S&P500(H)
450080,에코프로머티
450140,코오롱모빌리티그룹
45014K,코오롱모빌리티그룹우
450180,KODEX 한중전기차(합성)
450190,KODEX 한중반도체(합성)
450910,SOL 코스닥150
451000,PLUS 종합채권(AA-이상)액티브
451060,1Q K200액티브
451150,에셋플러스 글로벌영에이지액티브
451530,TIGER 국고채30년스트립액티브
451540,TIGER 종합채권(AA-이상)액티브
451600,PLUS 국고채30년액티브
451670,RISE 국채30년레버리지(합성)
451800,한화리츠
452250,ACE 미국30년국채선물레버리지(합성 H)
452260,한화갤러리아
45226K,한화갤러리아우
452360,SOL 미국배당다우존스(H)
452440,VITA 밸류알파액티브
453010,PLUS KOFR금리
453060,HANARO KOFR금리액티브(합성)
453080,KIWOOM 미국나스닥100(H)
453330,RISE 미국S&P500(H)
453340,현대그린푸드
453540,TIGER 25-10 회사채(A+이상)액티브
453630,KODEX 미국S&P500필수소비재
453640,KODEX 미국S&P500헬스케어
453650,KODEX 미국S&P500금융
453660,KODEX 미국S&P500경기소비재
453810,KODEX 인도Nifty50
453820,KODEX 인도Nifty50레버리지(합성)
453850,ACE 미국30년국채액티브(H)
453870,TIGER 인도니프티50
453950,TIGER TSMC파운드리밸류체인
454180,KIWOOM 차이나내수소비TOP CSI
454320,HANARO CAPEX설비투자iSelect
454780,KIWOOM 종합채권(AA-이상)액티브
454910,두산로보틱스
455030,KODEX 미국달러SOFR금리액티브(합성)
455660,ACE 미국하이일드액티브(H)
455850,SOL AI반도체소부장
455860,SOL 2차전지소부장Fn
455890,RISE 머니마켓액티브
455960,RISE 미국달러SOFR금리액티브(합성)
456040,OCI
456200,PLUS 미국달러SOFR금리액티브(합성)
456250,KODEX 유럽명품TOP10 STOXX
456600,TIMEFOLIO 글로벌AI인공지능액티브
456610,TIGER 미국달러SOFR금리액티브(합성)
456680,TIGER 차이나전기차레버리지(합성)
456880,ACE 미국달러SOFR금리(합성)
457190,이수스페셜티케미컬
457480,ACE 테슬라밸류체인액티브
457690,KODEX 33-06 국고채액티브
457700,KODEX 53-09 국고채액티브
457930,BNK 미래전략기술액티브
457990,PLUS 태양광&ESS
458030,WON 단기국공채액티브
458210,KIWOOM CD금리액티브(합성)
458250,TIGER 미국30년국채스트립액티브(합성 H)
458260,TIGER 미국투자등급회사채액티브(H)
458730,TIGER 미국배당다우존스
458750,TIGER 미국배당다우존스타겟커버드콜1호
458760,TIGER 미국배당다우존스타겟커버드콜2호
459370,SOL 유럽탄소배출권선물인버스ICE(H)
459560,KODEX 테슬라밸류체인FactSet
459580,KODEX CD금리액티브(합성)
459750,RISE 글로벌주식분산액티브
459790,KIWOOM 미국성장기업30액티브
460270,KIWOOM 미국달러SOFR금리액티브(합성)
460280,KIWOOM Fn유전자혁신기술
460660,RISE 미국S&P배당킹
460850,동국씨엠
460860,동국제강
460960,ACE 글로벌인컴TOP10 SOLACTIVE
461270,ACE 26-06 회사채(AA-이상)액티브
461340,HANARO 글로벌생성형AI액티브
461450,KODEX 코스닥글로벌
461460,PLUS 국고채10년액티브
461490,RISE 글로벌자산배분액티브
461500,HANARO 종합채권(AA-이상)액티브
461580,TIGER 코스닥글로벌
461600,SOL 미국30년국채액티브(H)
461900,PLUS 미국테크TOP10
461910,PLUS 미국테크TOP10레버리지(합성)
461950,KODEX 2차전지핵심소재10
462010,TIGER 2차전지소재Fn
462330,KODEX 2차전지산업레버리지
462340,에셋플러스 글로벌다이나믹시니어액티브
462520,조선내화
462540,SOL 25-09 회사채(AA-이상)액티브
462870,시프트업
462900,KoAct 바이오헬스케어액티브
463050,TIMEFOLIO K바이오액티브
463250,TIGER K방산&우주
463290,1Q 단기금융채액티브
463300,RISE 중국본토CSI300
463640,KODEX 미국S&P500유틸리티
463680,KODEX 미국S&P500테크놀로지
463690,KODEX 미국S&P500커뮤니케이션
464060,HANARO 글로벌반도체TOP10 SOLACTIVE
464240,KIWOOM 26-09회사채(AA-이상)액티브
464310,TIGER 글로벌AI&로보틱스 INDXX
464470,PLUS 미국채30년액티브
464600,SOL 자동차소부장Fn
464610,SOL 의료기기소부장Fn
464920,PLUS 일본반도체소부장
464930,TIGER 글로벌혁신블루칩TOP10
465330,RISE 2차전지TOP10
465350,RISE 2차전지TOP10인버스(합성)
465580,ACE 미국빅테크TOP7 Plus
465610,ACE 미국빅테크TOP7 Plus레버리지(합성)
465620,ACE 미국빅테크TOP7 Plus인버스(합성)
465660,TIGER 일본반도체FACTSET
465670,TIGER 미국캐시카우100
465770,STX그린로지스
465780,마이티 26-09 특수채(AAA)액티브
466400,1Q 25-08 회사채(A+이상)액티브
466810,BNK 2차전지양극재
466920,SOL 조선TOP3플러스
466930,SOL 자동차TOP3플러스
466940,TIGER 은행고배당플러스TOP10
466950,TIGER 글로벌AI액티브
467620,KIWOOM 25-09 미국채권(AA-이상)액티브
467940,KODEX 25-11 회사채(A+이상)액티브
468370,KODEX iShares미국인플레이션국채액티브
468380,KODEX iShares미국하이일드액티브
468630,KODEX iShares미국투자등급회사채액티브
468820,WON 25-09 회사채(AA-이상)액티브
469050,RISE 미국반도체NYSE(H)
469060,RISE 미국반도체NYSE
469070,RISE AI&로봇
469150,ACE AI반도체포커스
469160,ACE 일본반도체
469170,ACE 포스코그룹포커스
469530,RISE 미국달러선물인버스
469790,KIWOOM K-테크TOP10
469830,SOL 초단기채권액티브
470310,UNICORN 생성형AI강소기업액티브
471040,KoAct 글로벌AI&로봇액티브
471230,KODEX 국고채10년액티브
471460,KIWOOM 국고채30년액티브
471760,TIGER AI반도체핵심공정
471780,TIGER 코리아테크액티브
471990,KODEX AI반도체핵심장비
472150,TIGER 배당커버드콜액티브
472160,TIGER 미국테크TOP10 INDXX(H)
472170,TIGER 미국테크TOP10채권혼합
472350,1Q 차이나H(H)
472720,TRUSTON 주주가치액티브
472830,RISE 미국30년국채커버드콜(합성)
472840,ITF 200
472870,RISE 미국30년국채엔화노출(합성 H)
472920,HK 종합채권(AA-이상)액티브
473290,KODEX 26-12 회사채(AA-이상)액티브
473330,SOL 미국30년국채커버드콜(합성)
473440,ACE 11월만기자동연장회사채AA-이상액티브
473460,KODEX 미국서학개미
473490,KIWOOM 글로벌AI반도체
473590,ACE 미국주식베스트셀러
473640,HANARO 글로벌금채굴기업
474220,TIGER 미국테크TOP10타겟커버드콜
474390,SOL 국고채30년액티브
474590,WON 반도체밸류체인액티브
474800,KIWOOM 미국원유에너지기업
474920,에셋플러스 차이나일등기업포커스10액티브
475050,ACE KPOP포커스
475070,KoAct 글로벌친환경전력인프라액티브
475080,KODEX 테슬라커버드콜채권혼합액티브
475150,SK이터닉스
475260,ACE 2월만기자동연장회사채AA-이상액티브
475270,ACE 5월만기자동연장회사채AA-이상액티브
475280,ACE 8월만기자동연장회사채AA-이상액티브
475300,SOL 반도체전공정
475310,SOL 반도체후공정
475350,RISE 버크셔포트폴리오TOP10
475380,RISE 글로벌리얼티인컴
475560,더본코리아
475630,TIGER CD1년금리액티브(합성)
475720,RISE 200위클리커버드콜
476000,UNICORN 포스트IPO액티브
476030,SOL 미국나스닥100
476070,KODEX 글로벌비만치료제TOP2 Plus
476260,HANARO 반도체핵심공정주도주
476310,RISE 글로벌비만산업TOP2+
476450,KIWOOM 머니마켓액티브
476550,TIGER 미국30년국채커버드콜액티브(H)
476690,TIGER 글로벌비만치료제TOP2Plus
476750,ACE 미국30년국채엔화노출액티브(H)
476760,ACE 미국30년국채액티브
476800,KODEX 한국부동산리츠인프라
476810,KODEX 25-11 은행채(AA-이상)PLUS액티브
476850,KoAct 배당성장액티브
477050,PLUS 머니마켓액티브
477080,RISE CD금리액티브(합성)
477490,에셋플러스 글로벌일등기업포커스10액티브
477730,KODEX 인도타타그룹
478150,TIMEFOLIO 글로벌우주테크&방산액티브
479080,1Q 머니마켓액티브
479520,RISE KOFR금리액티브(합성)
479620,SOL 미국AI반도체칩메이커
479730,TIGER 인도빌리언컨슈머
479850,HANARO K-뷰티
480020,ACE 미국빅테크7+데일리타겟커버드콜(합성)
480030,ACE 미국500데일리타겟커버드콜(합성)
480040,ACE 미국반도체데일리타겟커버드콜(합성)
480260,TIGER 27-04회사채(A+이상)액티브
480310,TIGER 글로벌온디바이스AI
480370,씨케이솔루션
480460,WON 한국부동산TOP3플러스
481050,KODEX CD1년금리플러스액티브(합성)
481060,KODEX 미국30년국채타겟커버드콜(합성 H)
481180,SOL 미국AI소프트웨어
481190,SOL 미국테크TOP10
481200,SOL 미국테크TOP10인버스(합성)
481340,RISE 미국30년국채액티브
481430,RISE 국고채10년액티브
481850,신한글로벌액티브리츠
482030,KoAct 테크핵심소재공급망액티브
482730,TIGER 미국S&P500타겟데일리커버드콜
482870,HANARO 주주가치성장코리아액티브
483020,KIWOOM 의료AI
483030,KIWOOM 미국블록버스터바이오테크의약품+
483240,TIGER 미국나스닥100ETF선물
483280,KODEX 미국AI테크TOP10타겟커버드콜
483290,KODEX 미국배당다우존스타겟커버드콜
483320,ACE 엔비디아밸류체인액티브
483330,ACE 마이크로소프트밸류체인액티브
483340,ACE 구글밸류체인액티브
483420,ACE 애플밸류체인액티브
483570,KCGI 미국S&P500 TOP10
483650,달바글로벌
484790,KODEX 미국30년국채액티브(H)
484870,엠앤씨솔루션
484880,SOL 금융지주플러스고배당
484890,SOL 머니마켓액티브
485540,KODEX 미국AI테크TOP10
485690,RISE 미국AI밸류체인TOP3Plus
485810,TIMEFOLIO 글로벌안티에이징바이오액티브
486240,DAISHIN343 AI반도체&인프라액티브
486290,TIGER 미국나스닥100타겟데일리커버드콜
486450,SOL 미국AI전력인프라
486780,HANARO 200선물레버리지1.5X
486790,HANARO 코스닥150선물레버리지1.5X
486830,HANARO 머니마켓액티브
487130,KoAct AI인프라액티브
487230,KODEX 미국AI전력핵심인프라
487240,KODEX AI전력핵심설비
487340,ACE 머니마켓액티브
487570,HS효성
487750,BNK 온디바이스AI
487910,ACE 인도컨슈머파워액티브
487920,ACE 인도시장대표BIG5그룹액티브
487950,KODEX 대만테크고배당다우존스
488080,TIGER 반도체TOP10레버리지
488200,KIWOOM K-2차전지북미공급망
488210,KIWOOM K-반도체북미공급망
488290,마이다스 일본테크액티브
488480,RISE 일본섹터TOP4Plus
488500,TIGER 미국S&P500동일가중
488720,WON 종합채권(AA-이상)액티브
488770,KODEX 머니마켓액티브
488980,SOL 26-12 회사채(AA-이상)액티브
489000,PLUS 일본엔화초단기국채(합성)
489010,PLUS 글로벌AI인프라
489030,PLUS 고배당주위클리커버드콜
489250,KODEX 미국배당다우존스
489290,WON 미국빌리어네어
489570,HANARO 25-12 은행채(AA+이상)액티브
489790,한화비전
489860,KIWOOM 글로벌전력GRID인프라
489870,KIWOOM 25-09 회사채(AA-이상)액티브
490090,TIGER 미국AI빅테크10
490330,KoAct 미국뇌질환치료제액티브
490480,SOL K방산
490490,SOL 미국배당미국채혼합50
490590,RISE 미국AI밸류체인데일리고정커버드콜
490600,RISE 미국배당100데일리고정커버드콜
491010,TIGER 글로벌AI전력인프라액티브
491080,KODEX 25-12 은행채(AAA)액티브
491090,KODEX 미국테크TOP3플러스
491220,PLUS 200TR
491230,PLUS 국공채머니마켓액티브
491510,파워 K-주주가치액티브
491610,1Q CD금리액티브(합성)
491620,RISE 미국테크100데일리고정커버드콜
491630,RISE 미국반도체인버스(합성 H)
491700,HK 200
491820,HANARO 전력설비투자
491830,TIGER 미국AI반도체팹리스
492500,1Q 현대차그룹채권(A+이상)&국고통안
493420,SOL 미국배당다우존스2호
493810,TIGER 미국AI빅테크10타겟데일리커버드콜
494180,TIMEFOLIO 글로벌소비트렌드액티브
494210,SOL 미국500타겟커버드콜액티브
494220,UNICORN SK하이닉스밸류체인액티브
494300,KODEX 미국나스닥100데일리커버드콜OTM
494310,KODEX 반도체레버리지
494330,ACE 라이프자산주주가치액티브
494340,ACE 글로벌AI맞춤형반도체
494410,PLUS 미국S&P500성장주
494420,PLUS 미국배당증가성장주데일리커버드콜
494670,TIGER 조선TOP10
494840,TIGER 미국방산TOP10
494890,KODEX 200액티브
494900,TIGER 25-12 금융채(AA-이상)
495040,PLUS 코리아밸류업
495050,RISE 코리아밸류업
495060,TIMEFOLIO 코리아밸류업액티브
495230,KoAct 코리아밸류업액티브
495330,1Q 코리아밸류업
495550,SOL 코리아밸류업TR
495710,BNK 26-06 특수채(AAA이상)액티브
495750,HANARO 코리아밸류업
495850,KODEX 코리아밸류업
495940,RISE 미국AI테크액티브
496020,WON 전단채플러스액티브
496080,TIGER 코리아밸류업
496090,KIWOOM 코리아밸류업
496120,ACE 코리아밸류업
496130,TRUSTON 코리아밸류업액티브
496770,PLUS 글로벌방산
497510,ACE 글로벌빅파마
497520,ACE 일라이릴리밸류체인
497570,TIGER 미국필라델피아AI반도체나스닥
497780,KoAct 미국천연가스인프라액티브
497880,SOL CD금리&머니마켓액티브
498050,HANARO 바이오코리아액티브
498180,파워 종합채권(AA-이상)액티브
498270,KIWOOM 미국양자컴퓨팅
498400,KODEX 200타겟위클리커버드콜
498410,KODEX 금융고배당TOP10타겟위클리커버드콜
498610,RISE 인도디지털성장
498860,RISE 코리아금융고배당
499150,SOL 미국S&P500엔화노출(H)
499660,TIGER CD금리플러스액티브(합성)
499790,GS피앤엘
950210,프레스티지바이오파마
J0036221D,KG모빌리티 122WR
J0036701F,포스코퓨처엠 8R
J0113321D,유니켐 38WR
J0180021D,유니슨 15WR
J1099621D,AP헬스케어 6WR
J1432121D,핸즈코퍼레이션 2WR
J2552221D,SG 17WR
J2760401F,스코넥 34R
J2901221D,DH오토리드 9WR
Q500055,신한 인버스 Russell 2000 ETN
Q500056,신한 레버리지 Russell 2000 ETN
Q500057,신한 인버스 2X Russell 2000 ETN
Q500061,신한 인버스 코스피 200 선물 ETN
Q500063,신한 인버스 코스닥 150 선물 ETN
Q500067,신한 레버리지 10년 국채선물 ETN
Q500068,신한 인버스 2X 10년 국채선물 ETN
Q500069,신한 레버리지 코스피 200 선물 ETN
Q500070,신한 인버스 2X 코스피 200 선물 ETN
Q500071,신한 레버리지 코스닥 150 선물 ETN
Q500072,신한 인버스 2X 코스닥 150 선물 ETN
Q500077,신한 인버스0.5X S&P500 VIX S/T선물 ETN
Q500078,신한 S&P 유로 선물 ETN(H)
Q500079,신한 S&P 인버스 유로 선물 ETN(H)
Q500080,신한 S&P 레버리지 유로 선물 ETN(H)
Q500081,신한 S&P 인버스 2X 유로 선물 ETN(H)
Q500082,신한 블룸버그 2X 천연가스 선물 ETN
Q500085,신한 코스피 200 TR ETN
Q500086,신한 코스닥 150 TR ETN
Q500087,신한 26-05 은행채(AAA) ETN
Q500088,신한 2X 26-05 은행채(AAA) ETN
Q500089,신한 26-05 공사채(AAA) ETN
Q500090,신한 2X 26-05 공사채(AAA) ETN
Q500091,신한 33-12 국고채 플러스 ETN
Q500093,신한 블룸버그 레버리지 WTI원유선물 ETN B
Q500094,신한 블룸버그 인버스2X WTI원유선물 ETN B
Q500095,신한 S&P500 VIX S/T 선물 ETN E
Q500096,신한 인버스2X 천연가스 선물 ETN B
Q500035,신한 레버리지 미국달러 선물 ETN
Q500036,신한 인버스 2X 미국달러 선물 ETN
Q500020,신한 레버리지 다우존스지수 선물 ETN(H)
Q500028,신한 인버스 2X 다우존스지수 선물 ETN(H)
Q500050,신한 레버리지 S&P500 선물 ETN
Q500051,신한 인버스 2X S&P500 선물 ETN
Q500009,신한 다우존스지수 선물 ETN(H)
Q500010,신한 인버스 다우존스지수 선물 ETN(H)
Q500011,신한 달러인덱스 선물 ETN(H)
Q500012,신한 인버스 달러인덱스 선물 ETN(H)
Q500013,신한 옥수수 선물 ETN(H)
Q500014,신한 인버스 옥수수 선물 ETN(H)
Q500015,신한 WTI원유 선물 ETN(H)
Q500016,신한 금 선물 ETN(H)
Q500017,신한 은 선물 ETN(H)
Q500018,신한 구리 선물 ETN(H)
Q500019,신한 레버리지 WTI원유 선물 ETN(H)
Q500023,신한 콩 선물 ETN(H)
Q500024,신한 인버스 콩 선물 ETN(H)
Q500027,신한 인버스 2X WTI원유 선물 ETN(H)
Q500029,신한 레버리지 은 선물 ETN(H)
Q500030,신한 인버스 2X 은 선물 ETN(H)
Q500037,신한 레버리지 금 선물 ETN
Q500038,신한 인버스 2X 금 선물 ETN
Q500040,신한 레버리지 구리 선물 ETN
Q500041,신한 인버스 2X 구리 선물 ETN
Q510015,대신 밀 선물 ETN(H)
Q510016,대신 천연가스 선물 ETN(H)
Q510027,대신 인버스 2X 코스닥 150 선물 ETN
Q510029,대신 S&P 인버스 2X 천연가스 선물 ETN
Q510043,대신 인버스 천연가스 선물 ETN(H) B
Q520037,미래에셋 코스피200 선물 ETN
Q520038,미래에셋 인버스 코스피200 선물 ETN
Q520039,미래에셋 코스닥150 선물 ETN
Q520040,미래에셋 인버스 코스닥150 선물 ETN
Q520043,미래에셋 S&P 유럽탄소배출권 선물 ETN
Q520046,미래에셋 레버리지 옥수수 선물 ETN
Q520047,미래에셋 인버스 2X 옥수수 선물 ETN
Q520050,미래에셋 인버스 2X 원유선물혼합 ETN(H)
Q520052,미래에셋 천연가스 선물 ETN(H)
Q520053,미래에셋 인버스 천연가스 선물 ETN(H)
Q520054,미래에셋 레버리지 코스피200 선물 ETN
Q520055,미래에셋 인버스 2X 코스피200 선물 ETN
Q520056,미래에셋 레버리지 코스닥150 선물 ETN
Q520057,미래에셋 인버스 2X 코스닥150 선물 ETN
Q520061,미래에셋 인도네시아 Top5 ETN
Q520064,미래에셋 2X 미국채울트라30년 선물 ETN
Q520065,미래에셋 -2X 미국채울트라30년 선물 ETN
Q520066,미래에셋 KRX금현물 Auto-KO-C 2810-01 ETN
Q520068,미래에셋 2X 홍콩H 선물 ETN
Q520069,미래에셋 -2X 홍콩H 선물 ETN(H)
Q520070,미래에셋 0.5X 코스피200 선물 ETN
Q520071,미래에셋 0.5X 코스닥150 선물 ETN
Q520072,미래에셋 미국 AI TOP3 ETN
Q520073,미래에셋 레버리지 미국 AI TOP3 ETN
Q520074,미래에셋 미국 방위산업 TOP3 ETN
Q520075,미래에셋 레버리지 미국 방위산업 TOP3 ETN
Q520076,미래에셋 1.5X 천연가스 선물 ETN
Q520077,미래에셋 -1.5X 천연가스 선물 ETN
Q520078,미래에셋 미국 제약 TOP3 ETN
Q520079,미래에셋 레버리지 미국 제약 TOP3 ETN
Q520080,미래에셋 미국 테크&반도체 TOP3 ETN
Q520081,미래에셋 2X 미국 테크&반도체 TOP3 ETN
Q520082,미래에셋 미국 자율주행대표기업 ETN
Q520083,미래에셋 2X 미국 자율주행대표기업 ETN
Q520084,미래에셋 -2X 미국 자율주행대표기업 ETN
Q520085,미래에셋 -2X 미국 AI TOP3 ETN
Q520086,미래에셋-0.5X S&P500 VIX S/T선물 ETN(H)B
Q520087,미래에셋 레버리지 KRX 금현물 ETN
Q520088,미래에셋 S&P500 VIX S/T 선물 ETN(H)
Q520089,미래에셋 CAPE 실러 US Core Sector ETN
Q520090,미래에셋 천연가스 선물 ETN B
Q520091,미래에셋 인버스 천연가스 선물 ETN B
Q520009,미래에셋 레버리지 원유선물혼합 ETN(H)
Q520011,미래에셋 인버스 원유선물혼합 ETN(H)
Q530083,삼성 금 선물 ETN(H)
Q530084,삼성 인버스 금 선물 ETN(H)
Q530089,삼성 은 선물 ETN(H)
Q530090,삼성 인버스 은 선물 ETN(H)
Q530092,삼성 인버스 코스피 200 선물 ETN
Q530094,삼성 인버스 코스닥 150 선물 ETN
Q530095,삼성 구리 선물 ETN(H)
Q530096,삼성 인버스 구리 선물 ETN(H)
Q530104,삼성 레버리지 코스피200 선물 ETN
Q530105,삼성 인버스 2X 코스피200 선물 ETN
Q530106,삼성 레버리지 코스닥150 선물 ETN
Q530107,삼성 인버스 2X 코스닥150 선물 ETN
Q530111,삼성 레버리지 천연가스 선물 ETN C
Q530112,삼성 S&P500 ETN
Q530113,삼성 레버리지 S&P500 선물 ETN
Q530114,삼성 인버스 2X S&P500 선물 ETN
Q530115,삼성 레버리지 나스닥 100 ETN
Q530116,삼성 인버스 2X 나스닥 100 ETN
Q530117,삼성 코스피 200 TR ETN
Q530118,삼성 코스닥 150 TR ETN
Q530119,삼성 레버리지 항셍테크 ETN(H) B
Q530120,삼성 나스닥 100 ETN
Q530121,삼성 항셍테크 ETN(H) B
Q530122,삼성 인버스 2X 항셍테크 ETN(H) B
Q530123,삼성 일본니케이225선물 ETN(H)
Q530124,삼성 레버리지 일본니케이225선물 ETN(H)
Q530125,삼성 인버스 2X 일본니케이225선물 ETN(H)
Q530126,삼성 코리아 밸류업 TR ETN
Q530127,삼성 미국다우존스 ETN
Q530128,삼성 레버리지 미국다우존스 선물 ETN
Q530129,삼성 인버스 2X 미국다우존스 선물 ETN
Q530130,삼성 S&P500 VIX S/T 선물 ETN B
Q530131,삼성 인버스0.5X S&P500 VIX S/T선물 ETN B
Q530132,삼성 블룸버그 WTI원유 선물 ETN B
Q530133,삼성 블룸버그 레버리지 WTI원유선물 ETN B
Q530134,삼성 블룸버그 인버스2X WTI원유선물 ETN B
Q530135,삼성 인버스 China A50 선물 ETN(H) B
Q530136,삼성 인버스 2X 천연가스 선물 ETN D
Q530067,삼성 KRX 금현물 ETN
Q530060,삼성 코스피 양매도 5% OTM ETN
Q530015,삼성 미국 대형 성장주 ETN(H)
Q530016,삼성 미국 대형 가치주 ETN(H)
Q530019,삼성 미국 대형 성장주 ETN
Q530020,삼성 미국 대형 가치주 ETN
Q530031,삼성 레버리지 WTI원유 선물 ETN
Q530036,삼성 인버스 2X WTI원유 선물 ETN
Q530055,삼성 레버리지 금 선물 ETN(H)
Q530056,삼성 인버스 2X 금 선물 ETN(H)
Q530061,삼성 레버리지 은 선물 ETN(H)
Q530062,삼성 인버스 2X 은 선물 ETN(H)
Q530063,삼성 레버리지 구리 선물 ETN(H)
Q530064,삼성 인버스 2X 구리 선물 ETN(H)
Q530014,삼성 China A50 선물 ETN(H)
Q530023,삼성 레버리지 China A50 선물 ETN(H)
Q550062,N2 레버리지 금 선물 ETN(H)
Q550063,N2 인버스 레버리지 금 선물 ETN(H)
Q550064,N2 레버리지 은 선물 ETN(H)
Q550065,N2 인버스 레버리지 은 선물 ETN(H)
Q550069,N2 레버리지 구리 선물 ETN(H)
Q550070,N2 인버스 레버리지 구리 선물 ETN(H)
Q550074,N2 블룸버그 2X 천연가스 선물 ETN(H)
Q550082,N2 KIS CD금리투자 ETN
Q550084,N2 코스피 200 TR ETN
Q550085,N2 코스닥 150 TR ETN
Q550086,N2 미국달러 SOFR금리 플러스 ETN
Q550087,N2 선진국 1등주 ETN
Q550088,N2 월간 레버리지 선진국 1등주 ETN
Q550089,N2 월간 레버리지 코스피 200 선물 ETN
Q550091,N2 방위산업 Top5 ETN
Q550092,N2 월간 레버리지 방위산업 Top5 ETN
Q550093,N2 전력인프라 Top5 ETN
Q550095,N2 레버리지 국채10년 ETN
Q550096,N2 레버리지 국채30년 ETN
Q550097,N2 레버리지 코스닥150 선물 ETN
Q550098,N2 인버스 2X 코스닥150 선물 ETN
Q550041,N2 미국 IT TOP5 ETN(H)
Q550044,N2 레버리지 S&P500 ETN
Q550045,N2 인버스 레버리지 S&P500 ETN
Q550043,N2 인버스 레버리지 WTI원유 선물 ETN(H)
Q570047,한투 FTSE100 ETN
Q570050,한투 S&P500 선물 ETN
Q570051,한투 나스닥 100 ETN
Q570052,한투 플래티넘 선물 ETN
Q570053,한투 인버스 플래티넘 선물 ETN
Q570054,한투 레버리지 유로스탁스50 ETN(H) B
Q570055,한투 금 선물 ETN
Q570056,한투 인버스 금 선물 ETN
Q570057,한투 은 선물 ETN
Q570058,한투 인버스 은 선물 ETN
Q570059,한투 레버리지 금 선물 ETN
Q570060,한투 인버스 2X 금 선물 ETN
Q570061,한투 레버리지 은 선물 ETN
Q570062,한투 인버스 2X 은 선물 ETN
Q570063,한투 베트남 VN30 선물 ETN(H)
Q570064,한투 인버스 베트남 VN30 선물 ETN(H)
Q570065,한투 레버리지 베트남 VN30 선물 ETN(H)
Q570066,한투 인버스 2X 베트남 VN30 선물 ETN(H)
Q570069,한투 레버리지 플래티넘 선물 ETN
Q570070,한투 인버스 2X 플래티넘 선물 ETN
Q570071,한투 구리 선물 ETN
Q570072,한투 레버리지 구리 선물 ETN
Q570073,한투 인버스 2X 구리 선물 ETN
Q570074,한투 S&P 유럽탄소배출권 선물 ETN(H)
Q570081,한투 레버리지 코스닥150선물 ETN
Q570082,한투 인버스 2X 코스닥150선물 ETN
Q570084,한투 블룸버그 인버스 2X 천연가스선물 ETN
Q570085,한투 블룸버그 인도네시아 대표원자재 ETN
Q570090,한투 KIS CD금리투자 ETN
Q570091,한투 인버스 유로스탁스50 ETN(H) C
Q570092,한투 인버스 2X 유로스탁스50 ETN(H) B
Q570093,한투 레버리지 천연가스 선물 ETN B
Q570094,한투 일본 엔선물 ETN C
Q570095,한투 레버리지 일본 엔선물 ETN C
Q570096,한투 인버스 2X 일본 엔선물 ETN
Q570097,한투 S&P 엔달러 선물 ETN(H)
Q570098,한투 S&P 레버리지 엔달러 선물 ETN(H)
Q570099,한투 S&P 인버스 2X 엔달러 선물 ETN(H)
Q570100,한투 일본종합상사TOP5 ETN
Q570101,한투 인버스 나스닥100 ETN B
Q570102,한투 레버리지 나스닥100 ETN B
Q570103,한투 인버스2X 나스닥100 ETN B
Q570104,한투 일본니케이225선물 ETN(H)
Q570105,한투 인버스일본니케이225선물 ETN(H)
Q570106,한투 레버리지일본니케이225선물 ETN(H)
Q570107,한투 인버스2X일본니케이225선물 ETN(H)
Q570108,한투 레버리지국채30년 ETN
Q570109,한투 레버리지미국채30년 ETN
Q570110,한투 3X레버리지국채30년 ETN
Q570111,한투 3X레버리지미국채30년 ETN
Q570114,한투 S&P500 VIX S/T선물 ETN(H) B
Q570115,한투 인버스0.5X S&P500 VIX S/T선물 ETN B
Q570116,한투 블룸버그레버리지WTI원유선물 ETN B
Q570117,한투 블룸버그인버스2XWTI원유선물 ETN B
Q570019,한투 코스피 양매도 5% OTM ETN
Q570029,한투 코스피 양매도 3% OTM ETN
Q570022,한투 레버리지 S&P500 선물 ETN(H)
Q570023,한투 인버스 2X S&P500 선물 ETN(H)
Q580014,KB 인버스 2X 나스닥 100 ETN
Q580015,KB 레버리지 나스닥 100 ETN
Q580016,KB 레버리지 S&P 500 선물 ETN(H)
Q580017,KB 인버스 2X S&P 500 선물 ETN
Q580019,KB 인버스 2X 항셍테크 선물 ETN
Q580020,KB 천연가스 선물 ETN(H)
Q580021,KB 인버스 천연가스 선물 ETN
Q580022,KB 레버리지 금 선물 ETN(H)
Q580023,KB 인버스 2X 금 선물 ETN(H)
Q580026,KB 레버리지 은 선물 ETN(H)
Q580027,KB 인버스 2X 은 선물 ETN(H)
Q580032,KB 레버리지 구리 선물 ETN(H)
Q580033,KB 인버스 2X 구리 선물 ETN(H)
Q580034,KB 레버리지 FANG 플러스 ETN(H)
Q580035,KB S&P 유럽탄소배출권 선물 ETN(H)
Q580039,KB 레버리지 KOSPI 200 선물 ETN
Q580040,KB 인버스 2X KOSPI 200 선물 ETN
Q580043,KB 레버리지 KOSDAQ 150 선물 ETN
Q580044,KB 인버스 2X KOSDAQ 150 선물 ETN
Q580046,KB 블룸버그 인버스2X 천연가스선물 ETN(H)
Q580047,KB 레버리지 항셍테크 선물 ETN(H) B
Q580048,KB CSI 300 ETN
Q580049,KB CSI 500 ETN
Q580050,KB STAR 50 ETN
Q580051,KB 레버리지 밀 선물 ETN
Q580052,KB 인버스 2X 밀 선물 ETN
Q580053,KB 레버리지 콩 선물 ETN
Q580054,KB 인버스 2X 콩 선물 ETN
Q580055,KB 블룸버그 레버리지 천연가스 선물 ETN
Q580056,KB 일본 로보틱스 TOP 10 ETN
Q580057,KB 일본 컨슈머 TOP 10 ETN
Q580058,KB KIS CD금리투자 ETN
Q580059,KB 미국채 10년 ETN
Q580060,KB 레버리지 미국채 10년 ETN
Q580061,KB 미국채 30년 ETN
Q580062,KB 레버리지 미국채 30년 ETN
Q580063,KB 레버리지 미국채 10년 선물 ETN
Q580064,KB 인버스 2X 미국채 10년 선물 ETN
Q580065,KB 코스닥 150 TR ETN
Q580066,KB 인디아 대형 성장주 Select 5 ETN
Q580067,KB 인디아 디지털 Select 5 ETN
Q580068,KB S&P 레버리지 WTI원유 선물 ETN B
Q580069,KB S&P 인버스 2X WTI원유 선물 ETN B
Q580010,KB Wise 분할매매 ETN
Q610001,메리츠 인플레이션 국채 ETN
Q610003,메리츠 미국 인플레이션 국채 ETN(H)
Q610007,메리츠 국채30년 ETN
Q610008,메리츠 레버리지 국채30년 ETN
Q610009,메리츠 인버스 국채30년 ETN
Q610012,메리츠 레버리지 금 선물 ETN(H)
Q610013,메리츠 인버스 2X 금 선물 ETN(H)
Q610016,메리츠 레버리지 은 선물 ETN(H)
Q610017,메리츠 인버스 2X 은 선물 ETN(H)
Q610018,메리츠 국채10년 ETN
Q610020,메리츠 인버스 국채10년 ETN
Q610022,메리츠 미국채10년 ETN(H)
Q610023,메리츠 레버리지 미국채10년 ETN(H)
Q610024,메리츠 인버스 미국채10년 ETN(H)
Q610025,메리츠 인버스 2X 미국채10년 ETN(H)
Q610028,메리츠 레버리지 구리 선물 ETN(H)
Q610029,메리츠 인버스 2X 구리 선물 ETN(H)
Q610030,메리츠 S&P 유럽탄소배출권 선물 ETN(H)
Q610032,메리츠 CSI 300 ETN
Q610033,메리츠 STAR 50 ETN
Q610034,메리츠 대표 농산물 선물 ETN(H)
Q610035,메리츠 레버리지 대표 농산물 선물 ETN(H)
Q610036,메리츠 인버스 2X 대표 농산물 선물 ETN(H)
Q610037,메리츠 미국채30년 ETN(H)
Q610038,메리츠 레버리지 미국채30년 ETN(H)
Q610039,메리츠 인버스 미국채30년 ETN(H)
Q610040,메리츠 인버스 2X 미국채30년 ETN(H)
Q610043,메리츠 천연가스 선물 ETN(H)
Q610044,메리츠 인버스 천연가스 선물 ETN(H)
Q610045,메리츠 국채3년 ETN
Q610047,메리츠 인버스 국채3년 ETN
Q610049,메리츠 국채5년 ETN
Q610051,메리츠 인버스 국채5년 ETN
Q610054,메리츠 블룸버그 -2X 천연가스 선물 ETN(H)
Q610055,메리츠 3X 레버리지 국채3년 ETN
Q610056,메리츠 인버스 3X 국채3년 ETN
Q610057,메리츠 3X 레버리지 국채5년 ETN
Q610058,메리츠 인버스 3X 국채5년 ETN
Q610059,메리츠 3X 레버리지 국채10년 ETN
Q610060,메리츠 인버스 3X 국채10년 ETN
Q610061,메리츠 3X 레버리지 국채30년 ETN
Q610062,메리츠 인버스 3X 국채30년 ETN
Q610063,메리츠 KIS CD금리투자 ETN
Q610064,메리츠 KAP 통안채 6개월 ETN
Q610066,메리츠 KAP 통안채 3개월 ETN
Q610067,메리츠 블룸버그 2X 천연가스선물 ETN(H) B
Q610068,메리츠 KAP 일본 엔화 ETN
Q610069,메리츠 KAP 레버리지 일본 엔화 ETN
Q610070,메리츠 KAP 인버스 2X 일본 엔화 ETN
Q610071,메리츠 KAP 중국 위안화 ETN
Q610072,메리츠 KAP 레버리지 중국 위안화 ETN
Q610073,메리츠 KAP 인버스 2X 중국 위안화 ETN
Q610074,메리츠 미국채10년 ETN
Q610075,메리츠 3X 레버리지 미국채10년 ETN
Q610076,메리츠 인버스 3X 미국채10년 ETN
Q610077,메리츠 미국채30년 ETN
Q610078,메리츠 3X 레버리지 미국채30년 ETN
Q610079,메리츠 인버스 3X 미국채30년 ETN
Q610080,메리츠 멕시코 페소화 ETN
Q610081,메리츠 레버리지 멕시코 페소화 ETN
Q610082,메리츠 인도 루피화 ETN
Q610083,메리츠 레버리지 인도 루피화 ETN
Q610084,메리츠 미국채30년 스트립 ETN(H)
Q610085,메리츠 레버리지 미국채30년 스트립 ETN(H)
Q610086,메리츠 인버스2X 미국채30년 스트립 ETN(H)
Q610087,메리츠 솔랙티브 WTI원유 선물 ETN(H)
Q610088,메리츠 솔랙티브 2X WTI원유 선물 ETN(H)
Q610089,메리츠 솔랙티브 -2X WTI원유 선물 ETN(H)
Q700011,하나 레버리지 옥수수 선물 ETN(H)
Q700012,하나 인버스 2X 옥수수 선물 ETN(H)
Q700013,하나 레버리지 콩 선물 ETN(H)
Q700014,하나 인버스 2X 콩 선물 ETN(H)
Q700017,하나 레버리지 코스닥150 선물 ETN
Q700018,하나 인버스 2X 코스닥150 선물 ETN
Q700020,하나 블룸버그 -2X 천연가스 선물 ETN(H)
Q700022,하나 Solactive US Tech Top 10 ETN(H)
Q700023,하나 Solactive 2X US Tech Top 10 ETN(H)
Q700025,하나 블룸버그 2X 천연가스 선물 ETN(H) B
Q700026,하나 CD금리투자 ETN
Q700027,하나 반도체 ETN
Q700028,하나 레버리지 반도체 ETN
Q700029,하나 S&P 레버리지 WTI원유 선물 ETN B
Q700030,하나 S&P 인버스 2X WTI원유 선물 ETN B
Q760004,키움 인버스 미국달러선물 ETN
Q760005,키움 INDXX 미국테크탑10 ETN
Q760006,키움 KPOP ETN
Q760007,키움 코스피 200 TR ETN
Q760008,키움 코스닥 150 TR ETN
Q760009,키움 CD금리투자 ETN
Q760010,키움 2차전지산업 ETN
Q760011,키움 레버리지 2차전지산업 ETN
Q760012,키움 반도체TOP10 ETN
Q760013,키움 레버리지 반도체TOP10 ETN
Q760014,키움 바이오TOP10 ETN
Q760015,키움 레버리지 바이오TOP10 ETN
Q760016,키움 레버리지 조선TOP10 ETN
Q760017,키움 조선TOP10 ETN
Q760018,키움 미국달러선물 ETN B
Q760019,키움 리츠부동산인프라 ETN
Q760020,키움 레버리지 리츠부동산인프라 ETN
Q760021,키움 코스피200 선물 달러노출 ETN
900140,엘브이엠씨홀딩스
